1,"7125","LOGIST_1C","Арамиль-Кашино-Сысерть-Двуреченск","00:00:00","",\N
2,"7135","LOGIST_1C","Березовский-Новоберезовский-Красный","00:00:00","",\N
3,"7110","LOGIST_1C","ЖБИ-Пионерский","00:00:00","",\N
4,"7101","LOGIST_1C","Сортировка","00:00:00","",\N
5,"7130","LOGIST_1C","Уралмаш-Эльмаш-В.Пышма-Среднеуральск-Садовый","00:00:00","",\N
6,"7120","LOGIST_1C","Химмаш-ВИЗ-Юго-Западный","00:00:00","",\N
7,"7100","LOGIST_1C","Центр-Виз","00:00:00","",\N
8,"7005","LOGIST_1C","Ирбит","00:00:00","",\N
9,"7007","LOGIST_1C","Ирбит - Байкалово","00:00:00","",\N
10,"7009","LOGIST_1C","Реж - Артёмовск - Буланаш","00:00:00","",\N
11,"7000","LOGIST_1C","Красноуфимск СЕВЕР","00:00:00","",\N
12,"7002","LOGIST_1C","Красноуфимск ЮГ","00:00:00","",\N
13,"7015","LOGIST_1C","Первоуральск - Динас - Билимбай -Новоуткинск - Прогресс - Кузино","00:00:00","",\N
14,"7012","LOGIST_1C","Шаля","00:00:00","",\N
15,"7030","LOGIST_1C","Асбест - Рефтенский - Малышева","00:00:00","",\N
16,"7035","LOGIST_1C","Богданович - Сухой Лог - Камышлов","00:00:00","",\N
17,"7025","LOGIST_1C","В.Дуброво - Белоярский - Заречный","00:00:00","",\N
18,"7022","LOGIST_1C","Нязепетровск","00:00:00","",\N
19,"7010","LOGIST_1C","Полевской","00:00:00","",\N
20,"7020","LOGIST_1C","Ревда","00:00:00","",\N
21,"W105","LOGIST_1C","Анжеро-Судженск","00:00:00","",\N
22,"W100","LOGIST_1C","Кемерово","00:00:00","",\N
23,"S105","LOGIST_1C","Ленинск-Кузнецкий-Полысаево","00:00:00","",\N
24,"S100","LOGIST_1C","Новокузнецк","00:00:00","",\N
25,"S110","LOGIST_1C","Прокопьевск-КиселевскБелово","00:00:00","",\N
26,"N225","LOGIST_1C","Академгородок-Шлюз","00:00:00","",\N
27,"N230","LOGIST_1C","Бердск-Искитим","00:00:00","",\N
28,"N210","LOGIST_1C","Дзержинский-Октябрьский","00:00:00","",\N
29,"N300","LOGIST_1C","Доставка в ТЭК Новосибирск","00:00:00","",\N
30,"N200","LOGIST_1C","Заельцовский-Калининский","00:00:00","",\N
31,"N240","LOGIST_1C","Криводановка-Кудряши","00:00:00","",\N
32,"N215","LOGIST_1C","Ленинский-Кировский","00:00:00","",\N
33,"N100","LOGIST_1C","Новосибирск - офис, самовывоз","00:00:00","",\N
34,"N220","LOGIST_1C","ОбьГЭС-Васхнил","00:00:00","",\N
35,"N245","LOGIST_1C","Обь-Прокудское","00:00:00","",\N
36,"N235","LOGIST_1C","Первомайка-КСМ-Кольцово","00:00:00","",\N
37,"N205","LOGIST_1C","Центральный-Железнодорожный","00:00:00","",\N
38,"6900","LOGIST_1C","Пермь","00:00:00","",\N
39,"6999","LOGIST_1C","Пермь2","00:00:00","",\N
40,"6901","LOGIST_1C","ПермьПнд","00:00:00","",\N
41,"6905","LOGIST_1C","ПермьПтн","00:00:00","",\N
42,"6903","LOGIST_1C","ПермьСрд","00:00:00","",\N
43,"Z100","LOGIST_1C","Томск","00:00:00","",\N
44,"Z105","LOGIST_1C","Юрга","00:00:00","",\N
45,"6000","LOGIST_1C","Уфа","00:00:00","",\N
46,"6004","LOGIST_1C","УфаЗап","00:00:00","",\N
47,"6005","LOGIST_1C","УфаЗапад","00:00:00","",\N
48,"6006","LOGIST_1C","УфаЮг","00:00:00","",\N
49,"65ТЧ","LOGIST_1C","Доставка ТП из Челябинска","00:00:00","",\N
50,"65СЧ","LOGIST_1C","Самовывоз/Доставка ТП (Челябинск)","00:00:00","",\N
51,"657Ч","LOGIST_1C","Челябинск (АМЗ, Советский,Ленинский)","00:00:00","",\N
52,"658Ч","LOGIST_1C","Челябинск (Калининский, Курчатовский, Центральный)","00:00:00","",\N
53,"656Ч","LOGIST_1C","Челябинск (Копейск, ЧТЗ)","00:00:00","",\N
54,"655Ч","LOGIST_1C","Челябинск (ЧМЗ, С-З)","00:00:00","",\N
55,"6550","LOGIST_1C","Челябинск ОБЩИЙ","00:00:00","",\N
56,"65ЮЧ","LOGIST_1C","Челябинск ЮГ","00:00:00","",\N
57,"6551","LOGIST_1C","ЧелябинскАквилон","00:00:00","",\N
58,"Яд77","LOGIST_1C","","00:00:00","",\N
59,"6530","LOGIST_1C","Дaлматово","00:00:00","",\N
60,"6200","LOGIST_1C","Златоуст","00:00:00","",\N
61,"6450","LOGIST_1C","Ижевск","00:00:00","",\N
62,"ИР01","LOGIST_1C","Иркутск","00:00:00","",\N
63,"6601","LOGIST_1C","Каменск-Уральский","00:00:00","",\N
64,"6800","LOGIST_1C","Качканар","00:00:00","",\N
65,"6500","LOGIST_1C","Курган","00:00:00","",\N
66,"6850","LOGIST_1C","Лесной","00:00:00","",\N
67,"6100","LOGIST_1C","Магнитогорск","00:00:00","",\N
68,"6058","LOGIST_1C","Мелеуз-Кумертау","00:00:00","",\N
69,"6950","LOGIST_1C","Москва","00:00:00","",\N
70,"6400","LOGIST_1C","Нижневартовск","00:00:00","",\N
71,"6700","LOGIST_1C","Нижний Тагил","00:00:00","",\N
72,"6750","LOGIST_1C","Нижний Тагил (Север)","00:00:00","",\N
73,"6230","LOGIST_1C","Озерск (Азиев Р.Ф.)","00:00:00","",\N
74,"6250","LOGIST_1C","Омск","00:00:00","",\N
75,"6244","LOGIST_1C","Омск-область","00:00:00","",\N
76,"6050","LOGIST_1C","Оренбург","00:00:00","",\N
77,"6057","LOGIST_1C","Стерлитамак","00:00:00","",\N
78,"6350","LOGIST_1C","Сургут","00:00:00","",\N
79,"6300","LOGIST_1C","Тюмень","00:00:00","",\N
80,"6304","LOGIST_1C","Тюмень-Ишим","00:00:00","",\N
81,"6302","LOGIST_1C","Тюмень-Талица","00:00:00","",\N
82,"6303","LOGIST_1C","Тюмень-Тобольск","00:00:00","",\N
83,"0880","LOGIST_1C","Энергия+2000","00:00:00","",\N
84,"i250","LOGIST_1C","2- ой Иркутск","00:00:00","",\N
85,"i350","LOGIST_1C","Александровский тракт","00:00:00","",\N
86,"i400","LOGIST_1C","Ангарск","00:00:00","",\N
87,"i850","LOGIST_1C","Братск - Вихоревка","00:00:00","",\N
88,"i750","LOGIST_1C","Братск - Падун","00:00:00","",\N
89,"i700","LOGIST_1C","Братск - Центральный","00:00:00","",\N
90,"i800","LOGIST_1C","Братск Правый берег","00:00:00","",\N
91,"i810","LOGIST_1C","Братск Энергетик","00:00:00","",\N
92,"i050","LOGIST_1C","Иркутск - Октябрьский","00:00:00","",\N
93,"i100","LOGIST_1C","Иркутск - Центр","00:00:00","",\N
94,"i300","LOGIST_1C","Иркутск Ленинский","00:00:00","",\N
95,"i150","LOGIST_1C","Иркутск Свердловский - Плотина","00:00:00","",\N
96,"i200","LOGIST_1C","Иркутск Свердловский - Синюшка","00:00:00","",\N
97,"i110","LOGIST_1C","Самовывоз","00:00:00","",\N
98,"i600","LOGIST_1C","Саянск - Зима","00:00:00","",\N
99,"i450","LOGIST_1C","Слюдянка","00:00:00","",\N
100,"i660","LOGIST_1C","ТК Ночной Экпресс","00:00:00","",\N
101,"i650","LOGIST_1C","ТК Энергия","00:00:00","",\N
102,"i620","LOGIST_1C","Тулун","00:00:00","",\N
103,"i950","LOGIST_1C","Улан-Удэ","00:00:00","",\N
104,"i560","LOGIST_1C","Усолье-Сибирское","00:00:00","",\N
105,"i550","LOGIST_1C","Черемхово - Свирск","00:00:00","",\N
106,"i900","LOGIST_1C","Чита","00:00:00","",\N
107,"i500","LOGIST_1C","Шелехов","00:00:00","",\N
108,"0177","LOGIST_1C","Доставка в офис ДРУЖБА","00:00:00","",\N
109,"ДТ30","LOGIST_1C","Доставка до торгового (ДО МЕНЯ)","00:00:00","",\N
110,"Мв70","LOGIST_1C","Москва - Восток","00:00:00","",\N
111,"Мз70","LOGIST_1C","Москва - Запад","00:00:00","",\N
112,"Мс70","LOGIST_1C","Москва - Север","00:00:00","",\N
113,"Мц70","LOGIST_1C","Москва - Центр","00:00:00","",\N
114,"Мю70","LOGIST_1C","Москва - Юг","00:00:00","",\N
115,"0077","LOGIST_1C","Самовывоз/Доставка ТП МОСКВА (из Красноармейска)","00:00:00","",\N
116,"Ба30","LOGIST_1C","Балашиха","00:00:00","",\N
117,"5021","LOGIST_1C","Восток","00:00:00","",\N
118,"Лю30","LOGIST_1C","Люберцы","00:00:00","",\N
119,"Но30","LOGIST_1C","Ногинск","00:00:00","",\N
120,"Ра30","LOGIST_1C","Раменское","00:00:00","",\N
121,"Ще30","LOGIST_1C","Щелково","00:00:00","",\N
122,"Эг50","LOGIST_1C","Электрогорск","00:00:00","",\N
123,"Эл30","LOGIST_1C","Электросталь","00:00:00","",\N
124,"5061","LOGIST_1C","Дмитровка","00:00:00","",\N
125,"Дм30","LOGIST_1C","Дмитровка, Лобня","00:00:00","",\N
126,"Дп30","LOGIST_1C","Долгопрудный","00:00:00","",\N
127,"5031","LOGIST_1C","Домодедово","00:00:00","",\N
128,"До30","LOGIST_1C","Домодедово1","00:00:00","",\N
129,"Де30","LOGIST_1C","Дедовск","00:00:00","",\N
130,"Зе30","LOGIST_1C","Зеленоград","00:00:00","",\N
131,"5051","LOGIST_1C","Истра","00:00:00","",\N
132,"Ис30","LOGIST_1C","Истра, Красногорск","00:00:00","",\N
133,"Сг30","LOGIST_1C","Солнечногорск","00:00:00","",\N
134,"5041","LOGIST_1C","Можайск","00:00:00","",\N
135,"Мо30","LOGIST_1C","Можайск1","00:00:00","",\N
136,"5011","LOGIST_1C","Ярославка","00:00:00","",\N
137,"Яа30","LOGIST_1C","Ярославка1","00:00:00","",\N
138,"Яд59","LOGIST_1C","Балашиха1","00:00:00","",\N
139,"Яд73","LOGIST_1C","1","00:00:00","",\N
140,"Б210","LOGIST_1C","_Брянск - Белорусское","00:00:00","",\N
141,"Б215","LOGIST_1C","_Брянск - Белорусское (Город)","00:00:00","",\N
142,"Б230","LOGIST_1C","_Брянск - Киевское","00:00:00","",\N
143,"Б240","LOGIST_1C","_Брянск - Смоленское","00:00:00","",\N
144,"Б220","LOGIST_1C","_Брянск - Стародубское","00:00:00","",\N
145,"Б120","LOGIST_1C","Брянск - Бежицкий","00:00:00","",\N
146,"Б140","LOGIST_1C","Брянск - Володарский","00:00:00","",\N
147,"Б270","LOGIST_1C","Брянск - Десногорское","00:00:00","",\N
148,"Б280","LOGIST_1C","Брянск - Жиздринское","00:00:00","",\N
149,"Б150","LOGIST_1C","Брянск - Карачевский","00:00:00","",\N
150,"Б250","LOGIST_1C","Брянск - Людиновское","00:00:00","",\N
151,"Б260","LOGIST_1C","Брянск - Рославльское","00:00:00","",\N
152,"Б110","LOGIST_1C","Брянск - Советский","00:00:00","",\N
153,"Б160","LOGIST_1C","Брянск - Суземское","00:00:00","",\N
154,"Б170","LOGIST_1C","Брянск - Урицкое","00:00:00","",\N
155,"Б130","LOGIST_1C","Брянск - Фокинский","00:00:00","",\N
156,"Б101","LOGIST_1C","Брянск общий 1","00:00:00","",\N
157,"В250","LOGIST_1C","Александров","00:00:00","",\N
158,"В101","LOGIST_1C","Владимир","00:00:00","",\N
159,"В110","LOGIST_1C","Владимир - город","00:00:00","",\N
160,"В220","LOGIST_1C","Гороховец","00:00:00","",\N
161,"В210","LOGIST_1C","Муром","00:00:00","",\N
162,"В230","LOGIST_1C","Покров","00:00:00","",\N
163,"В240","LOGIST_1C","Юрьев-Польский","00:00:00","",\N
164,"Вж50","LOGIST_1C","Воронеж-Борисоглебск","00:00:00","",\N
165,"Вж30","LOGIST_1C","Воронеж-Верхняя Хава","00:00:00","",\N
166,"Вж10","LOGIST_1C","Воронеж-Нижнедевицк","00:00:00","",\N
167,"Вж40","LOGIST_1C","Воронеж-Нововоронеж","00:00:00","",\N
168,"Вж02","LOGIST_1C","Воронеж-Общий","00:00:00","",\N
169,"Вж20","LOGIST_1C","Воронеж-Рамонь","00:00:00","",\N
170,"Яд75","LOGIST_1C","2","00:00:00","",\N
171,"И101","LOGIST_1C","Иваново (город)","00:00:00","",\N
172,"И200","LOGIST_1C","Лежнево - Савино - Колобово","00:00:00","",\N
173,"И240","LOGIST_1C","Писцово","00:00:00","",\N
174,"И210","LOGIST_1C","Тейково - Нерль","00:00:00","",\N
175,"И230","LOGIST_1C","Фурманов - Приволжск - Плес","00:00:00","",\N
176,"И220","LOGIST_1C","Шуя - Родники - Вичуга - Кинешма- Заволжск - Наволоки","00:00:00","",\N
177,"Ка51","LOGIST_1C","Габишево","00:00:00","",\N
178,"Ка55","LOGIST_1C","Казань - Альметьевск","00:00:00","",\N
179,"Ка40","LOGIST_1C","Казань - Апастово","00:00:00","",\N
180,"Ка30","LOGIST_1C","Казань - Арск","00:00:00","",\N
181,"Ка20","LOGIST_1C","Казань - Балтаси","00:00:00","",\N
182,"Ка45","LOGIST_1C","Казань - Звенигово","00:00:00","",\N
183,"Ка90","LOGIST_1C","Казань - Кукмор","00:00:00","",\N
184,"Ка60","LOGIST_1C","Казань - Мамадыш","00:00:00","",\N
185,"Ка70","LOGIST_1C","Казань - Сабы","00:00:00","",\N
186,"Ka80","LOGIST_1C","Казань - Чебоксары","00:00:00","",\N
187,"Ка50","LOGIST_1C","Казань - Чистополь","00:00:00","",\N
188,"Ка00","LOGIST_1C","Казань общий","00:00:00","",\N
189,"Ка11","LOGIST_1C","Казань СЕВЕР","00:00:00","",\N
190,"Ка95","LOGIST_1C","Казань-Пестрецы","00:00:00","",\N
191,"Ка96","LOGIST_1C","Казань-Песчаные ковали","00:00:00","",\N
192,"K102","LOGIST_1C","Калуга","00:00:00","",\N
193,"К100","LOGIST_1C","Калуга - Город","00:00:00","",\N
194,"К130","LOGIST_1C","Калуга - Ленинский","00:00:00","",\N
195,"К120","LOGIST_1C","Калуга - Московский","00:00:00","",\N
196,"К110","LOGIST_1C","Калуга - Октябрьский","00:00:00","",\N
197,"К105","LOGIST_1C","Малоярославец-Детчино","00:00:00","",\N
198,"К106","LOGIST_1C","Обнинское","00:00:00","",\N
199,"Ко30","LOGIST_1C","Буй","00:00:00","",\N
200,"Ко40","LOGIST_1C","Волгореченск","00:00:00","",\N
201,"Ко35","LOGIST_1C","Галич","00:00:00","",\N
202,"Ко34","LOGIST_1C","Зарубино","00:00:00","",\N
203,"Ко38","LOGIST_1C","Кобякино","00:00:00","",\N
204,"Ко36","LOGIST_1C","Космынино","00:00:00","",\N
205,"Ко11","LOGIST_1C","Кострома","00:00:00","",\N
206,"Ко00","LOGIST_1C","Кострома (Общ.)","00:00:00","",\N
207,"Ко20","LOGIST_1C","Красное на Волге","00:00:00","",\N
208,"Ко37","LOGIST_1C","Крахмалопаточный","00:00:00","",\N
209,"Ко45","LOGIST_1C","Макарьев","00:00:00","",\N
210,"Ко25","LOGIST_1C","Нерехта","00:00:00","",\N
211,"Ко51","LOGIST_1C","Никольское","00:00:00","",\N
212,"Ко12","LOGIST_1C","Офис","00:00:00","",\N
213,"Ко50","LOGIST_1C","Судиславль","00:00:00","",\N
214,"Л250","LOGIST_1C","Воронеж","00:00:00","",\N
215,"Л200","LOGIST_1C","Грязи","00:00:00","",\N
216,"Л280","LOGIST_1C","Долгоруково","00:00:00","",\N
217,"Л210","LOGIST_1C","Елец","00:00:00","",\N
218,"Л101","LOGIST_1C","Липецк","00:00:00","",\N
219,"Л102","LOGIST_1C","Липецк (Общ.)","00:00:00","",\N
220,"Л220","LOGIST_1C","Липецкий район","00:00:00","",\N
221,"Та10","LOGIST_1C","Тамбов","00:00:00","",\N
222,"Л240","LOGIST_1C","Усмань","00:00:00","",\N
223,"Л270","LOGIST_1C","Хлевное","00:00:00","",\N
224,"Н101","LOGIST_1C","Нижний Новгород","00:00:00","",\N
225,"Н120","LOGIST_1C","Нижний Новгород - Автозавод","00:00:00","",\N
226,"Н130","LOGIST_1C","Нижний Новгород - Канавино","00:00:00","",\N
227,"Н170","LOGIST_1C","Нижний Новгород - Ленинский","00:00:00","",\N
228,"Н140","LOGIST_1C","Нижний Новгород - Московский","00:00:00","",\N
229,"Н180","LOGIST_1C","Нижний Новгород - Нижегородский","00:00:00","",\N
230,"Н150","LOGIST_1C","Нижний Новгород - Приокский","00:00:00","",\N
231,"Н160","LOGIST_1C","Нижний Новгород - Советский","00:00:00","",\N
232,"Н110","LOGIST_1C","Нижний Новгород - Сормово","00:00:00","",\N
233,"Н230","LOGIST_1C","Нижний Новгород_Арзамас","00:00:00","",\N
234,"Н280","LOGIST_1C","Нижний Новгород_Балахна","00:00:00","",\N
235,"Н220","LOGIST_1C","Нижний Новгород_Богородск","00:00:00","",\N
236,"Н270","LOGIST_1C","Нижний Новгород_Бор","00:00:00","",\N
237,"Н250","LOGIST_1C","Нижний Новгород_Вязники","00:00:00","",\N
238,"Н299","LOGIST_1C","Нижний Новгород_Городец","00:00:00","",\N
239,"Н260","LOGIST_1C","Нижний Новгород_Гороховец","00:00:00","",\N
240,"Н240","LOGIST_1C","Нижний Новгород_Дзержинск","00:00:00","",\N
241,"Н290","LOGIST_1C","Нижний Новгород_Заволжье","00:00:00","",\N
242,"Н210","LOGIST_1C","Нижний Новгород_Павлово","00:00:00","",\N
243,"Н279","LOGIST_1C","Нижний Новгород_Семенов","00:00:00","",\N
244,"О101","LOGIST_1C","Орёл","00:00:00","",\N
245,"О105","LOGIST_1C","Орёл - Болховское","00:00:00","",\N
246,"О107","LOGIST_1C","Орёл - Кромское","00:00:00","",\N
247,"О103","LOGIST_1C","Орёл - Мценское","00:00:00","",\N
248,"О110","LOGIST_1C","Орёл-Заводской","00:00:00","",\N
249,"О109","LOGIST_1C","Орёл-Советский","00:00:00","",\N
250,"О108","LOGIST_1C","Орел-Центр","00:00:00","",\N
251,"Р101","LOGIST_1C","Рязань","00:00:00","",\N
252,"Р120","LOGIST_1C","Рязань - Дашки-Песочня","00:00:00","",\N
253,"Р130","LOGIST_1C","Рязань - Канищево, Недостоево","00:00:00","",\N
254,"Р140","LOGIST_1C","Рязань - Московское","00:00:00","",\N
255,"Р160","LOGIST_1C","Рязань - Оптовики","00:00:00","",\N
256,"Р150","LOGIST_1C","Рязань - Роща","00:00:00","",\N
257,"Р110","LOGIST_1C","Рязань - Центр","00:00:00","",\N
258,"Р310","LOGIST_1C","Рязань_Воскресенск и Егорьевск","00:00:00","",\N
259,"Р210","LOGIST_1C","Рязань_Елатомское","00:00:00","",\N
260,"Р280","LOGIST_1C","Рязань_Липецкое","00:00:00","",\N
261,"Р260","LOGIST_1C","Рязань_Московское Кашира","00:00:00","",\N
262,"Р270","LOGIST_1C","Рязань_Московское Коломна","00:00:00","",\N
263,"Р230","LOGIST_1C","Рязань_Сасовское","00:00:00","",\N
264,"Р290","LOGIST_1C","Рязань_Спасское","00:00:00","",\N
265,"Р250","LOGIST_1C","Рязань_Тульское","00:00:00","",\N
266,"Р220","LOGIST_1C","Рязань_Шатурское","00:00:00","",\N
267,"Р240","LOGIST_1C","Рязань_Южное","00:00:00","",\N
268,"Яд69","LOGIST_1C","3","00:00:00","",\N
269,"Са80","LOGIST_1C","Б.Черниговка (Самара)","00:00:00","",\N
270,"Са60","LOGIST_1C","Бугуруслан (Самара)","00:00:00","",\N
271,"Са90","LOGIST_1C","Дергочи-Озинки-Хвалынск","00:00:00","",\N
272,"Са85","LOGIST_1C","Казахстан (Самара)","00:00:00","",\N
273,"Са20","LOGIST_1C","Красный Яр (Самара)","00:00:00","",\N
274,"Са65","LOGIST_1C","Нефтегорск (Самара)","00:00:00","",\N
275,"Са50","LOGIST_1C","Новокуйбышевск (Самара)","00:00:00","",\N
276,"Са30","LOGIST_1C","Оренбург (Самара)","00:00:00","",\N
277,"Са75","LOGIST_1C","Пенза (Самара)","00:00:00","",\N
278,"Са10","LOGIST_1C","Самара","00:00:00","",\N
279,"Са00","LOGIST_1C","Самара (Общ.)","00:00:00","",\N
280,"Са45","LOGIST_1C","Самара 2 область","00:00:00","",\N
281,"Яд67","LOGIST_1C","Самара 2 область1","00:00:00","",\N
282,"Яд68","LOGIST_1C","Самара 2 область2","00:00:00","",\N
283,"Са40","LOGIST_1C","Татарстан (Самара)","00:00:00","",\N
284,"Са25","LOGIST_1C","Татарстан-Уфа","00:00:00","",\N
285,"Са55","LOGIST_1C","Тольятти - Сызрань (Самара)","00:00:00","",\N
286,"Са35","LOGIST_1C","Уфа (Самара)","00:00:00","",\N
287,"Са70","LOGIST_1C","Шентала (Самара)","00:00:00","",\N
288,"Ск11","LOGIST_1C","4","00:00:00","",\N
289,"Ск12","LOGIST_1C","5","00:00:00","",\N
290,"Ск19","LOGIST_1C","Пенза","00:00:00","",\N
291,"Ск13","LOGIST_1C","Саранск","00:00:00","",\N
292,"Ск00","LOGIST_1C","Саранск (Общ.)","00:00:00","",\N
293,"Ср83","LOGIST_1C","Базарный Карабулак","00:00:00","",\N
294,"Ср80","LOGIST_1C","Балаково","00:00:00","",\N
295,"Ср81","LOGIST_1C","Балашов","00:00:00","",\N
296,"Ср98","LOGIST_1C","Быково","00:00:00","",\N
297,"Ср97","LOGIST_1C","Красный кут","00:00:00","",\N
298,"Ср94","LOGIST_1C","Маркс","00:00:00","",\N
299,"Ср96","LOGIST_1C","Николаевск","00:00:00","",\N
300,"Ср84","LOGIST_1C","Озинки","00:00:00","",\N
301,"Ср95","LOGIST_1C","Палласовка","00:00:00","",\N
302,"Ср99","LOGIST_1C","Петровск","00:00:00","",\N
303,"Ср82","LOGIST_1C","Ртищево","00:00:00","",\N
304,"Ср01","LOGIST_1C","Саратов","00:00:00","",\N
305,"Ср93","LOGIST_1C","Саратов город","00:00:00","",\N
306,"Ср87","LOGIST_1C","Саратов-Камышин","00:00:00","",\N
307,"Ср86","LOGIST_1C","Саратов-Пенза","00:00:00","",\N
308,"Ср85","LOGIST_1C","Хвалынск","00:00:00","",\N
309,"Сп00","LOGIST_1C","Санкт-Петербург (общ)","00:00:00","",\N
310,"Сп02","LOGIST_1C","Спб-Колпино","00:00:00","",\N
311,"Тв50","LOGIST_1C","Бежецк","00:00:00","",\N
312,"Тв40","LOGIST_1C","Вышний Волочек","00:00:00","",\N
313,"Тв80","LOGIST_1C","Дмитров, Талдом, Кимры","00:00:00","",\N
314,"Тв91","LOGIST_1C","Кашин","00:00:00","",\N
315,"Тв21","LOGIST_1C","Клин","00:00:00","",\N
316,"Тв90","LOGIST_1C","Клин1","00:00:00","",\N
317,"Тв70","LOGIST_1C","Конаково","00:00:00","",\N
318,"Тв60","LOGIST_1C","Ржев","00:00:00","",\N
319,"Тв30","LOGIST_1C","Тверь","00:00:00","",\N
320,"Тв01","LOGIST_1C","Тверь (общ.)","00:00:00","",\N
321,"ТвКО","LOGIST_1C","Тверь_доставка моск машиной","00:00:00","",\N
322,"Т250","LOGIST_1C","Алексин","00:00:00","",\N
323,"Т600","LOGIST_1C","Венев","00:00:00","",\N
324,"T400","LOGIST_1C","Дубна","00:00:00","",\N
325,"Т200","LOGIST_1C","Новомосковск","00:00:00","",\N
326,"Т450","LOGIST_1C","Суворов","00:00:00","",\N
327,"Т101","LOGIST_1C","Тула (Общ.)","00:00:00","",\N
328,"Т500","LOGIST_1C","Узуново","00:00:00","",\N
329,"Т300","LOGIST_1C","Чернь","00:00:00","",\N
330,"У260","LOGIST_1C","Барыш","00:00:00","",\N
331,"У270","LOGIST_1C","Жд.Майна","00:00:00","",\N
332,"У220","LOGIST_1C","Инза","00:00:00","",\N
333,"У240","LOGIST_1C","Ишеевка","00:00:00","",\N
334,"У350","LOGIST_1C","Набережные Челны","00:00:00","",\N
335,"У230","LOGIST_1C","Новоульяновск","00:00:00","",\N
336,"У555","LOGIST_1C","САМОВЫВОЗ","00:00:00","",\N
337,"У777","LOGIST_1C","Симбирск Самовывоз","00:00:00","",\N
338,"У300","LOGIST_1C","ст.Майна","00:00:00","",\N
339,"У250","LOGIST_1C","Старая Майна","00:00:00","",\N
340,"У200","LOGIST_1C","Сызрань","00:00:00","",\N
341,"У101","LOGIST_1C","Ульяновск (город)","00:00:00","",\N
342,"У000","LOGIST_1C","Ульяновск общий","00:00:00","",\N
343,"У150","LOGIST_1C","Ульяновск(Димитровград)","00:00:00","",\N
344,"У102","LOGIST_1C","Ульяновск(Заволжье)","00:00:00","",\N
345,"У103","LOGIST_1C","Ульяновск(Засвияжье)","00:00:00","",\N
346,"Яд72","LOGIST_1C","6","00:00:00","",\N
347,"Ч110","LOGIST_1C","Алатырь","00:00:00","",\N
348,"Ч160","LOGIST_1C","Зеленодольск","00:00:00","",\N
349,"Ч140","LOGIST_1C","Йошкар-Ола","00:00:00","",\N
350,"Ч170","LOGIST_1C","Канаш - Шумерля","00:00:00","",\N
351,"Ч120","LOGIST_1C","Киров","00:00:00","",\N
352,"Ч180","LOGIST_1C","Новочебоксарск","00:00:00","",\N
353,"Ч190","LOGIST_1C","Пенза1","00:00:00","",\N
354,"Ч130","LOGIST_1C","Саранск1","00:00:00","",\N
355,"Ч200","LOGIST_1C","Тольятти","00:00:00","",\N
356,"Ч101","LOGIST_1C","Чебоксары-общий","00:00:00","",\N
357,"Ч150","LOGIST_1C","Ядрин - Моргауши","00:00:00","",\N
358,"Я260","LOGIST_1C","Данилов","00:00:00","",\N
359,"Я250","LOGIST_1C","Красный Профинтерн","00:00:00","",\N
360,"Я230","LOGIST_1C","Переславль - Ростов - Борисоглебский - Гаврилов Ям","00:00:00","",\N
361,"Я200","LOGIST_1C","Рыбинск-Углич-Мышкин-Новый Некоуз","00:00:00","",\N
362,"Я220","LOGIST_1C","Тутаев","00:00:00","",\N
363,"Я000","LOGIST_1C","Ярославль (Общ.)","00:00:00","",\N
364,"Я101","LOGIST_1C","Ярославль (по городу)","00:00:00","",\N
365,"Я560","LOGIST_1C","Ярославль - ДАНИЛОВ - Альфа","00:00:00","",\N
366,"Я500","LOGIST_1C","Ярославль - КОСТРОМА - Альфа","00:00:00","",\N
367,"Я570","LOGIST_1C","Ярославль - РЫБИНСК - Альфа","00:00:00","",\N
368,"Я520","LOGIST_1C","Ярославль - ТУТАЕВ - Альфа","00:00:00","",\N
369,"Я501","LOGIST_1C","Ярославль (Альфа-Нева) общий","00:00:00","",\N
370,"Вл10","LOGIST_1C","Великие Луки","00:00:00","",\N
371,"Не00","LOGIST_1C","Не используемые, Резерв","00:00:00","",\N
372,"0210","LOGIST_1C","Апатиты-Кировск","00:00:00","",\N
373,"0240","LOGIST_1C","Апатиты-Ковдор","00:00:00","",\N
374,"0201","LOGIST_1C","Апатиты-общий","00:00:00","",\N
375,"0220","LOGIST_1C","Апатиты-Север","00:00:00","",\N
376,"0230","LOGIST_1C","Апатиты-Юг","00:00:00","",\N
377,"1355","LOGIST_1C","Ближний пригород - Приозерск","00:00:00","",\N
378,"1350","LOGIST_1C","Ближний пригород (Токсово, Кузьмолово)","00:00:00","",\N
379,"1751","LOGIST_1C","Волхов (Кириши)","00:00:00","",\N
380,"1750","LOGIST_1C","Всеволожск/Кировск","00:00:00","",\N
381,"1550","LOGIST_1C","Выборг","00:00:00","",\N
382,"1551","LOGIST_1C","Выборг***","00:00:00","",\N
383,"1430","LOGIST_1C","Гатчина","00:00:00","",\N
384,"1400","LOGIST_1C","Кингисепп/Сланцы/Волосово","00:00:00","",\N
385,"1600","LOGIST_1C","Кириши","00:00:00","",\N
386,"1630","LOGIST_1C","Колпино/Тосно","00:00:00","",\N
387,"1451","LOGIST_1C","Лодейное Поле *2*","00:00:00","",\N
388,"1450","LOGIST_1C","Лодейное Поле/Подпорожье","00:00:00","",\N
389,"1800","LOGIST_1C","Луга","00:00:00","",\N
390,"1700","LOGIST_1C","Отрадное/Металлострой/Понтонный","00:00:00","",\N
391,"1300","LOGIST_1C","Приозерск/Сосново","00:00:00","",\N
392,"1650","LOGIST_1C","Пушкин/Павловск/Шушары","00:00:00","",\N
393,"1500","LOGIST_1C","Рощино","00:00:00","",\N
394,"1200","LOGIST_1C","Сосновый Бор/Ломоносов","00:00:00","",\N
395,"1250","LOGIST_1C","Тихвин/Бокситогорск/Пикалево","00:00:00","",\N
396,"А480","LOGIST_1C","Аква-6","00:00:00","",\N
397,"У564","LOGIST_1C","Улыбка Радуги (Всеволожск)","00:00:00","",\N
398,"У563","LOGIST_1C","Улыбка Радуги (Гатчина)","00:00:00","",\N
399,"У562","LOGIST_1C","Улыбка Радуги (Колпино)","00:00:00","",\N
400,"У530","LOGIST_1C","Улыбка Радуги (Купчино)","00:00:00","",\N
401,"У120","LOGIST_1C","Улыбка Радуги (Ломоносов)","00:00:00","",\N
402,"У520","LOGIST_1C","Улыбка Радуги (Невский)","00:00:00","",\N
403,"У565","LOGIST_1C","Улыбка Радуги (Павловск)","00:00:00","",\N
404,"У400","LOGIST_1C","Улыбка Радуги (Север)","00:00:00","",\N
405,"У535","LOGIST_1C","Улыбка Радуги (склады)","00:00:00","",\N
406,"У561","LOGIST_1C","Улыбка Радуги (СПб)","00:00:00","",\N
407,"У480","LOGIST_1C","Улыбка Радуги (Центр)","00:00:00","",\N
408,"У560","LOGIST_1C","Улыбка Радуги (Юго-Запад)","00:00:00","",\N
409,"0630","LOGIST_1C","Беломорск - Кемь (Сев.Карелия)","00:00:00","",\N
410,"0640","LOGIST_1C","Лоухи (Сев.Карелия)","00:00:00","",\N
411,"0620","LOGIST_1C","Олонец","00:00:00","",\N
412,"0600","LOGIST_1C","ПЕТРОЗАВОДСК","00:00:00","",\N
413,"0602","LOGIST_1C","Петрозаводск Общий","00:00:00","",\N
414,"0610","LOGIST_1C","Сегежа - Медвежьегорск (Сев.Карелия)","00:00:00","",\N
415,"0650","LOGIST_1C","Сортавала - Питкяранта","00:00:00","",\N
416,"0840","LOGIST_1C","Великие Луки1","00:00:00","",\N
417,"0820","LOGIST_1C","Плюсса","00:00:00","",\N
418,"0830","LOGIST_1C","Порхов","00:00:00","",\N
419,"0810","LOGIST_1C","Псков","00:00:00","",\N
420,"5500","LOGIST_1C","АРМАВИР","00:00:00","",\N
421,"0300","LOGIST_1C","АРХАНГЕЛЬСК","00:00:00","",\N
422,"0450","LOGIST_1C","ВЕЛЬСК","00:00:00","",\N
423,"0400","LOGIST_1C","ВОЛОГДА","00:00:00","",\N
424,"0070","LOGIST_1C","КИРОВ","00:00:00","",\N
425,"0350","LOGIST_1C","КОТЛАС","00:00:00","",\N
426,"5000","LOGIST_1C","КРАСНОДАР","00:00:00","",\N
427,"0100","LOGIST_1C","МУРМАНСК","00:00:00","",\N
428,"0795","LOGIST_1C","Новгород - Псков ОБЛАСТЬ","00:00:00","",\N
429,"0700","LOGIST_1C","НОВГОРОД ВЕЛИКИЙ","00:00:00","",\N
430,"5700","LOGIST_1C","НОВОРОССИЙСК","00:00:00","",\N
431,"5300","LOGIST_1C","РОСТОВ НА ДОНУ","00:00:00","",\N
432,"0050","LOGIST_1C","СЫКТЫВКАР","00:00:00","",\N
433,"0055","LOGIST_1C","УХТА","00:00:00","",\N
434,"3530","LOGIST_1C","Купчино","00:00:00","",\N
435,"3540","LOGIST_1C","Купчино1","00:00:00","",\N
436,"3500","LOGIST_1C","Невский","00:00:00","",\N
437,"3505","LOGIST_1C","Невский1","00:00:00","",\N
438,"3510","LOGIST_1C","Невский2","00:00:00","",\N
439,"3520","LOGIST_1C","Невский3","00:00:00","",\N
440,"3410","LOGIST_1C","Север - Выборгский","00:00:00","",\N
441,"3400","LOGIST_1C","Север - Гражданка","00:00:00","",\N
442,"3420","LOGIST_1C","Север - Комендантский","00:00:00","",\N
443,"3405","LOGIST_1C","Север - Полюстрово","00:00:00","",\N
444,"3430","LOGIST_1C","Север - Приморский","00:00:00","",\N
445,"3450","LOGIST_1C","Север - Центр","00:00:00","",\N
446,"3480","LOGIST_1C","Центр","00:00:00","",\N
447,"3470","LOGIST_1C","Центр - ВО","00:00:00","",\N
448,"3535","LOGIST_1C","Центр - Московкий","00:00:00","",\N
449,"3460","LOGIST_1C","Центр - ПС","00:00:00","",\N
450,"3555","LOGIST_1C","Центр - Юго-Запад","00:00:00","",\N
451,"3550","LOGIST_1C","Юго-Запад","00:00:00","",\N
452,"3560","LOGIST_1C","Юго-Запад1","00:00:00","",\N
453,"5260","LOGIST_1C","ЕВПАТОРИЯ","00:00:00","",\N
454,"5280","LOGIST_1C","СЕВАСТОПОЛЬ","00:00:00","",\N
455,"5290","LOGIST_1C","СЕВЕРНЫЙ КРЫМ","00:00:00","",\N
456,"5201","LOGIST_1C","СИМФЕРОПОЛЬ","00:00:00","",\N
457,"5250","LOGIST_1C","ФЕОДОСИЯ","00:00:00","",\N
458,"5270","LOGIST_1C","ЯЛТА","00:00:00","",\N
459,"0560","LOGIST_1C","ДАНИЛОВ (Череповец)","00:00:00","",\N
460,"Я201","LOGIST_1C","РЫБИНСК (Череповец)","00:00:00","",\N
461,"0500","LOGIST_1C","ЧЕРЕПОВЕЦ","00:00:00","",\N
462,"0502","LOGIST_1C","Череповец-общий","00:00:00","",\N
463,"3598","LOGIST_1C","СПб и Ленинградская область общий","00:00:00","",\N
464,"Д530","LOGIST_1C","ДОМОВОЙ (Купчино)","00:00:00","",\N
465,"Д510","LOGIST_1C","ДОМОВОЙ (Невский)","00:00:00","",\N
466,"Д400","LOGIST_1C","ДОМОВОЙ (Север)","00:00:00","",\N
467,"Д560","LOGIST_1C","ДОМОВОЙ (Юго-Запад)","00:00:00","",\N
468,"1645","LOGIST_1C","ЛЕНТА РЦ (ШУШАРЫ)","00:00:00","",\N
469,"3577","LOGIST_1C","ЛЕНТА, РУСЕЛЬ (НОЧЬ)","00:00:00","",\N
470,"М520","LOGIST_1C","МАКСИДОМ (Невский)","00:00:00","",\N
471,"М400","LOGIST_1C","МАКСИДОМ (Север)","00:00:00","",\N
472,"М480","LOGIST_1C","МАКСИДОМ (Центр)","00:00:00","",\N
473,"М560","LOGIST_1C","МАКСИДОМ (Юго-Запад)","00:00:00","",\N
474,"О120","LOGIST_1C","О'КЕЙ (Виллози, Ломоносовская обл.)","00:00:00","",\N
475,"О160","LOGIST_1C","О'КЕЙ (Колпино)","00:00:00","",\N
476,"О530","LOGIST_1C","О'КЕЙ (Купчино)","00:00:00","",\N
477,"О520","LOGIST_1C","О'КЕЙ (Невский)","00:00:00","",\N
478,"О400","LOGIST_1C","О'КЕЙ (Север)","00:00:00","",\N
479,"О560","LOGIST_1C","О'КЕЙ (Юго-Запад)","00:00:00","",\N
480,"О770","LOGIST_1C","О'КЕЙ РЕГИОНЫ через ТК","00:00:00","",\N
481,"П530","LOGIST_1C","ПРОДОПТТОРГ(Купчино)","00:00:00","",\N
482,"П400","LOGIST_1C","ПРОДОПТТОРГ(Север)","00:00:00","",\N
483,"П560","LOGIST_1C","ПРОДОПТТОРГ(юго-запад)","00:00:00","",\N
484,"3579","LOGIST_1C","РУСЕЛЬ","00:00:00","",\N
485,"3578","LOGIST_1C","РУСЕЛЬ (НОЧЬ)","00:00:00","",\N
486,"1850","LOGIST_1C","СТАРТ (МОСКВА)","00:00:00","",\N
487,"1654","LOGIST_1C","СТАРТ (О.Дундича)","00:00:00","",\N
488,"1653","LOGIST_1C","СТАРТ (Обуховской обороны)","00:00:00","",\N
489,"1657","LOGIST_1C","СТАРТ (Парнас)","00:00:00","",\N
490,"1655","LOGIST_1C","СТАРТ (ШУШАРЫ)","00:00:00","",\N
491,"А165","LOGIST_1C","АГРОТОРГ","00:00:00","",\N
492,"3572","LOGIST_1C","ВС - МАКСИДОМ","00:00:00","",\N
493,"3455","LOGIST_1C","ВС - ОКЕЙ","00:00:00","",\N
494,"1375","LOGIST_1C","ПРИЗМА, Кантри","00:00:00","",\N
495,"Ю400","LOGIST_1C","ЮЛМАРТ","00:00:00","",\N
496,"пл17","LOGIST_1C","Асбест, Рефтенский, Малышева","00:00:00","",\N
497,"пл16","LOGIST_1C","Белоярский, Заречный, Верхнее Дуброво","00:00:00","",\N
498,"пл08","LOGIST_1C","Богданович, Сухой Лог, Камышлов","00:00:00","",\N
499,"пл29","LOGIST_1C","Верхняя Пышма, Среднеуральск, Березовский, Новоберезовский, Садовый, Красный, Уралмаш, Эльмаш","00:00:00","",\N
500,"пл26","LOGIST_1C","ЖБИ, Пионерский","00:00:00","",\N
501,"пл06","LOGIST_1C","ЗЛАТОУСТ","00:00:00","",\N
502,"пл23","LOGIST_1C","Ирбит1","00:00:00","",\N
503,"пл33","LOGIST_1C","КАМЕНСК-УРАЛЬСКИЙ","00:00:00","",\N
504,"пл25","LOGIST_1C","КАЧКАНАР","00:00:00","",\N
505,"пл10","LOGIST_1C","Красноуфимск","00:00:00","",\N
506,"пл20","LOGIST_1C","КУРГАН","00:00:00","",\N
507,"пл13","LOGIST_1C","ЛЕСНОЙ","00:00:00","",\N
508,"пл05","LOGIST_1C","МАГНИТОГОРСК","00:00:00","",\N
509,"пл18","LOGIST_1C","МОСКВА","00:00:00","",\N
510,"пл24","LOGIST_1C","НИЖНЕВАРТОВСК","00:00:00","",\N
511,"пл15","LOGIST_1C","НИЖНИЙ ТАГИЛ","00:00:00","",\N
512,"пл03","LOGIST_1C","НИЖНИЙ ТАГИЛ (Север)","00:00:00","",\N
513,"Яд78","LOGIST_1C","Новосибирск - офис, самовывоз1","00:00:00","",\N
514,"пл07","LOGIST_1C","ОМСК","00:00:00","",\N
515,"пл04","LOGIST_1C","ОРЕНБУРГ","00:00:00","",\N
516,"пл32","LOGIST_1C","ОРСК","00:00:00","",\N
517,"пл19","LOGIST_1C","Первоуральск, Шаля, Динас, Новоуткинск","00:00:00","",\N
518,"пл11","LOGIST_1C","ПЕРМЬ","00:00:00","",\N
519,"пл09","LOGIST_1C","Полевской1","00:00:00","",\N
520,"пл14","LOGIST_1C","Ревда, Мариинск","00:00:00","",\N
521,"пл01","LOGIST_1C","САМОВЫВОЗ/доставка торговым представителем","00:00:00","",\N
522,"пл22","LOGIST_1C","СУРГУТ","00:00:00","",\N
523,"пл21","LOGIST_1C","ТЮМЕНЬ","00:00:00","",\N
524,"пл02","LOGIST_1C","УФА","00:00:00","",\N
525,"пл27","LOGIST_1C","Химмаш, Уктус, Вторчермет, Арамиль, Кашино, Сысерть, Двуреченск, Юго-Западный","00:00:00","",\N
526,"пл28","LOGIST_1C","Центр, Виз, Сортировка","00:00:00","",\N
527,"пл12","LOGIST_1C","ЧЕЛЯБИНСК","00:00:00","",\N
528,"пл34","LOGIST_1C","ШАДРИНСК","00:00:00","",\N
529,"Яд76","LOGIST_1C","7","00:00:00","",\N
530,"Яд41","LOGIST_1C","Вспомогательный","00:00:00","",\N
531,"ип01","LOGIST_1C","Излишки и пересорты","00:00:00","",\N
532,"0896","LOGIST_1C","Клиенты ТЭК","00:00:00","",\N
533,"Яд40","LOGIST_1C","Корректировка","00:00:00","",\N
534,"ип20","LOGIST_1C","Не везти до особого распоряжения","00:00:00","",\N
535,"0000","LOGIST_1C","Не работаем/Неизвестные/Непонятные","00:00:00","",\N
536,"0003","LOGIST_1C","ПЕРЕМЕЩЕНИЕ","00:00:00","",\N
537,"вася","LOGIST_1C","прогнать без отгрузки","00:00:00","",\N
538,"Яа32","LOGIST_1C","Расформированные","00:00:00","",\N
539,"0850","LOGIST_1C","РЕГИОНЫ","00:00:00","",\N
540,"0001","LOGIST_1C","САМОВЫВОЗ/доставка торговым представителем1","00:00:00","",\N
541,"0812","LOGIST_1C","Самовывоз/Доставка ТП (АЛЬФА_НЕВА)","00:00:00","",\N
542,"0096","LOGIST_1C","Самовывоз/Доставка ТП (ЕКТ)","00:00:00","",\N
543,"0066","LOGIST_1C","Самовывоз/Доставка ТП (РЕВДА)","00:00:00","",\N
544,"0900","LOGIST_1C","ч/зТранспортную компанию","00:00:00","",\N
